qId,fileName,outFile
R1gakkaB-003,R1gakkaB_003.png,C:\ProgramData\Generative AI\Github\PDF-RakuRaku-Seisan\docs\assets\doboku-14w\figures\R1gakkaB_003.png
R1gakkaB-012,R1gakkaB_012.png,C:\ProgramData\Generative AI\Github\PDF-RakuRaku-Seisan\docs\assets\doboku-14w\figures\R1gakkaB_012.png
R1gakkaB-014,R1gakkaB_014.png,C:\ProgramData\Generative AI\Github\PDF-RakuRaku-Seisan\docs\assets\doboku-14w\figures\R1gakkaB_014.png
R2gakkaB-003,R2gakkaB_003.png,C:\ProgramData\Generative AI\Github\PDF-RakuRaku-Seisan\docs\assets\doboku-14w\figures\R2gakkaB_003.png
R2gakkaB-012,R2gakkaB_012.png,C:\ProgramData\Generative AI\Github\PDF-RakuRaku-Seisan\docs\assets\doboku-14w\figures\R2gakkaB_012.png
R3gakkaB-003,R3gakkaB_003.png,C:\ProgramData\Generative AI\Github\PDF-RakuRaku-Seisan\docs\assets\doboku-14w\figures\R3gakkaB_003.png
R3gakkaB-006,R3gakkaB_006.png,C:\ProgramData\Generative AI\Github\PDF-RakuRaku-Seisan\docs\assets\doboku-14w\figures\R3gakkaB_006.png
R4gakkaB-003,R4gakkaB_003.png,C:\ProgramData\Generative AI\Github\PDF-RakuRaku-Seisan\docs\assets\doboku-14w\figures\R4gakkaB_003.png
R4gakkaB-006,R4gakkaB_006.png,C:\ProgramData\Generative AI\Github\PDF-RakuRaku-Seisan\docs\assets\doboku-14w\figures\R4gakkaB_006.png
R5gakkaA-020,R5gakkaA_020.png,C:\ProgramData\Generative AI\Github\PDF-RakuRaku-Seisan\docs\assets\doboku-14w\figures\R5gakkaA_020.png
R5gakkaB-003,R5gakkaB_003.png,C:\ProgramData\Generative AI\Github\PDF-RakuRaku-Seisan\docs\assets\doboku-14w\figures\R5gakkaB_003.png
R5gakkaB-006,R5gakkaB_006.png,C:\ProgramData\Generative AI\Github\PDF-RakuRaku-Seisan\docs\assets\doboku-14w\figures\R5gakkaB_006.png
R6gakkaA-001,R6gakkaA_001.png,C:\ProgramData\Generative AI\Github\PDF-RakuRaku-Seisan\docs\assets\doboku-14w\figures\R6gakkaA_001.png
R6gakkaA-002,R6gakkaA_002.png,C:\ProgramData\Generative AI\Github\PDF-RakuRaku-Seisan\docs\assets\doboku-14w\figures\R6gakkaA_002.png
R6gakkaA-003,R6gakkaA_003.png,C:\ProgramData\Generative AI\Github\PDF-RakuRaku-Seisan\docs\assets\doboku-14w\figures\R6gakkaA_003.png
R6gakkaA-004,R6gakkaA_004.png,C:\ProgramData\Generative AI\Github\PDF-RakuRaku-Seisan\docs\assets\doboku-14w\figures\R6gakkaA_004.png
R6gakkaA-005,R6gakkaA_005.png,C:\ProgramData\Generative AI\Github\PDF-RakuRaku-Seisan\docs\assets\doboku-14w\figures\R6gakkaA_005.png
R6gakkaB-003,R6gakkaB_003.png,C:\ProgramData\Generative AI\Github\PDF-RakuRaku-Seisan\docs\assets\doboku-14w\figures\R6gakkaB_003.png
R6gakkaB-006,R6gakkaB_006.png,C:\ProgramData\Generative AI\Github\PDF-RakuRaku-Seisan\docs\assets\doboku-14w\figures\R6gakkaB_006.png
R7gakkaA-001,R7gakkaA_001.png,C:\ProgramData\Generative AI\Github\PDF-RakuRaku-Seisan\docs\assets\doboku-14w\figures\R7gakkaA_001.png
R7gakkaA-002,R7gakkaA_002.png,C:\ProgramData\Generative AI\Github\PDF-RakuRaku-Seisan\docs\assets\doboku-14w\figures\R7gakkaA_002.png
R7gakkaA-003,R7gakkaA_003.png,C:\ProgramData\Generative AI\Github\PDF-RakuRaku-Seisan\docs\assets\doboku-14w\figures\R7gakkaA_003.png
R7gakkaA-004,R7gakkaA_004.png,C:\ProgramData\Generative AI\Github\PDF-RakuRaku-Seisan\docs\assets\doboku-14w\figures\R7gakkaA_004.png
R7gakkaA-005,R7gakkaA_005.png,C:\ProgramData\Generative AI\Github\PDF-RakuRaku-Seisan\docs\assets\doboku-14w\figures\R7gakkaA_005.png
R7gakkaA-025,R7gakkaA_025.png,C:\ProgramData\Generative AI\Github\PDF-RakuRaku-Seisan\docs\assets\doboku-14w\figures\R7gakkaA_025.png
R7gakkaB-003,R7gakkaB_003.png,C:\ProgramData\Generative AI\Github\PDF-RakuRaku-Seisan\docs\assets\doboku-14w\figures\R7gakkaB_003.png
R7gakkaB-006,R7gakkaB_006.png,C:\ProgramData\Generative AI\Github\PDF-RakuRaku-Seisan\docs\assets\doboku-14w\figures\R7gakkaB_006.png
